{
    "timestamp": "2025-05-05 03:29:18",
    "performance_metrics": {
        "svm": {
            "accuracy": 0.5205479452054794,
            "precision": 0.3617021276595745,
            "recall": 0.7727272727272727,
            "f1_score": 0.4927536231884058,
            "confusion_matrix": [
                [
                    21,
                    30
                ],
                [
                    5,
                    17
                ]
            ]
        },
        "random_forest": {
            "accuracy": 0.410958904109589,
            "precision": 0.3220338983050847,
            "recall": 0.8636363636363636,
            "f1_score": 0.4691358024691358,
            "confusion_matrix": [
                [
                    11,
                    40
                ],
                [
                    3,
                    19
                ]
            ]
        },
        "xgboost": {
            "accuracy": 0.4794520547945205,
            "precision": 0.3333333333333333,
            "recall": 0.7272727272727273,
            "f1_score": 0.45714285714285713,
            "confusion_matrix": [
                [
                    19,
                    32
                ],
                [
                    6,
                    16
                ]
            ]
        },
        "ensemble": {
            "accuracy": 0.4657534246575342,
            "precision": 0.34545454545454546,
            "recall": 0.8636363636363636,
            "f1_score": 0.4935064935064935,
            "confusion_matrix": [
                [
                    15,
                    36
                ],
                [
                    3,
                    19
                ]
            ],
            "weights": [
                0.5,
                0.25,
                0.25
            ]
        }
    },
    "feature_importances": {
        "sentiment": 0.020746960779675475,
        "sentiment_prev_1h": 0.018635480371649242,
        "close_price_prev_1h": 0.11679561760670441,
        "sentiment_prev_2h": 0.021154214421764177,
        "close_price_prev_2h": 0.09091720170285306,
        "sentiment_prev_3h": 0.0207328725479189,
        "close_price_prev_3h": 0.06140235180276643,
        "sentiment_prev_4h": 0.01921341156313719,
        "close_price_prev_4h": 0.03418359766086617,
        "sentiment_prev_5h": 0.0234716292518792,
        "close_price_prev_5h": 0.03188294174170794,
        "sentiment_prev_6h": 0.02281816419746403,
        "close_price_prev_6h": 0.03572983432604634,
        "sentiment_prev_7h": 0.038484575682182665,
        "close_price_prev_7h": 0.04012264413572396,
        "sentiment_prev_8h": 0.023021002472951264,
        "close_price_prev_8h": 0.03497628005902714,
        "sentiment_prev_9h": 0.028404995548768006,
        "close_price_prev_9h": 0.05090654849364465,
        "sentiment_prev_10h": 0.024231329128138624,
        "close_price_prev_10h": 0.053744648681563305,
        "sentiment_prev_11h": 0.01428317043559302,
        "close_price_prev_11h": 0.06279729889495149,
        "sentiment_prev_12h": 0.029111857580608892,
        "close_price_prev_12h": 0.0822313709124144
    }
}